id,vocab_size,hidden_size,num_hidden_layers,num_attention_heads,intermediate_size,hidden_act,hidden_dropout_prob,attention_probs_dropout_prog,max_position_embeddings,type_vocab_size,initializer_range,layer_norm_eps,gradient_checkpointing,position_embedding_type,use_cache,energy_consumption,perplexity,energy_loss,loss,date
0,24782,36,2,9,2807,gelu_new,0.46530626700000005,0.323172058,512,1,0.02,1e-12,False,relative_key_query,True,0.23616199999999998,1757.3751487287232,415.02522987407275,7.47157658203125,2021-04-08 11:33:57.601319
1,29917,43,7,18,301,gelu,0.304325119,0.9968375270000001,512,1,0.02,1e-12,False,relative_key_query,True,0.78193,2504.188819983745,1958.1003640098895,7.82572013671875,2021-04-08 13:28:27.141510
2,28349,27,1,14,108,gelu,0.249364384,0.220066441,512,1,0.02,1e-12,False,relative_key_query,True,0.171888,1072.1926121204801,184.2970437121651,6.977461000976563,2021-04-08 13:51:51.738796
3,9619,5,8,3,422,gelu,0.184472473,0.719148235,512,1,0.02,1e-12,False,absolute,True,0.199899,2487.9197711859524,497.3326743403007,7.81920220703125,2021-04-08 14:37:50.325472
4,28248,25,1,16,1903,silu,0.234663592,0.260524618,512,1,0.02,1e-12,False,relative_key_query,True,0.194937,1609.0165103727918,313.6568514825409,7.383378408203125,2021-04-08 15:03:53.201486
5,13036,83,10,18,24,gelu,0.493731065,0.15884999800000002,512,1,0.02,1e-12,False,relative_key,True,1.463493,2507.180090560064,3669.2405122740197,7.8269139306640625,2021-04-08 18:14:42.017629
6,17774,56,4,11,1575,relu,0.7404154140000001,0.6080321129999999,512,1,0.02,1e-12,False,absolute,True,0.41309399999999996,2526.9364631211897,1043.8622912965848,7.834762963867187,2021-04-08 19:18:18.160346
7,5393,15,4,14,755,gelu_new,0.304606595,0.8532794690000001,512,1,0.02,1e-12,False,relative_key_query,True,0.355294,871.9759138168398,309.80781032364035,6.770761801757812,2021-04-08 20:25:40.010222
8,30072,17,6,11,237,silu,0.45822260600000003,0.457001172,512,1,0.02,1e-12,False,relative_key_query,True,0.42133000000000004,1098.0835519726568,462.65554295263945,7.001321713867188,2021-04-08 21:48:24.216066
9,3657,11,2,10,1240,relu,0.531617351,0.604581639,512,1,0.02,1e-12,False,relative_key_query,True,0.141612,1542.2030447388968,218.39445757156463,7.340967221679687,2021-04-08 22:11:38.705424
10,18785,20,3,7,198,gelu_new,0.128818607,0.101197983,512,1,0.02,1e-12,False,relative_key_query,True,0.178627,713.5275891515822,127.45529266737968,6.570221103515625,2021-04-08 22:40:13.955725
11,29209,51,2,3,979,gelu,0.403991521,0.793115615,512,1,0.02,1e-12,False,relative_key_query,True,0.151911,1010.2919415832582,153.4744591378543,6.917994619140625,2021-04-08 23:03:22.846692
12,26536,18,1,11,624,relu,0.371738099,0.241068571,512,1,0.02,1e-12,False,relative_key_query,True,0.129608,1088.0078554373722,141.0145221275269,6.9921036474609375,2021-04-08 23:22:35.890326
13,29103,23,4,9,1403,gelu,0.8205011959999999,0.231177173,512,1,0.02,1e-12,False,relative_key_query,True,0.332225,2557.054812034506,849.5175349281637,7.8466114111328125,2021-04-09 00:23:14.679113
14,14808,78,8,3,637,relu,0.11720893,0.411681329,512,1,0.02,1e-12,False,absolute,True,0.269509,2049.1507895439627,552.2645801392039,7.625180737304688,2021-04-09 01:13:44.797346
15,2768,93,4,4,1687,gelu_new,0.880874412,0.561397523,512,1,0.02,1e-12,False,absolute,True,0.255836,2577.353607512538,659.3798375315778,7.85451841796875,2021-04-09 01:53:48.806308
16,25085,34,11,2,2286,silu,0.399825462,0.270277975,512,1,0.02,1e-12,False,relative_key_query,True,0.568731,2581.275134362717,1468.0511884412424,7.856038793945313,2021-04-09 03:58:42.833972
17,25779,12,1,16,399,relu,0.564396811,0.165424226,512,1,0.02,1e-12,False,relative_key,True,0.112845,1575.0392762986032,177.73530713391585,7.36203548828125,2021-04-09 04:16:17.051616
18,24452,40,1,11,693,silu,0.210421687,0.178008511,512,1,0.02,1e-12,False,relative_key_query,True,0.200407,1558.0896197339932,312.2520664220304,7.351215747070312,2021-04-09 04:44:26.456089
19,19408,10,5,5,713,gelu_new,0.417028164,0.649251507,512,1,0.02,1e-12,False,relative_key_query,True,0.28174,2006.2782249162308,565.2488270878987,7.604036655273437,2021-04-09 05:43:40.597648
20,30417,28,2,18,60,relu,0.549644201,0.404676063,512,1,0.02,1e-12,False,relative_key_query,True,0.313779,1432.6073109224624,449.5220894139393,7.267251357421875,2021-04-09 06:33:37.794301
21,24183,5,12,6,720,silu,0.298766092,0.9063589590000001,512,1,0.02,1e-12,False,relative_key_query,True,0.509224,2349.3979086698096,1196.3698006444752,7.761914365234375,2021-04-09 08:23:46.947267
22,28122,65,2,3,288,gelu,0.943383704,0.205501994,512,1,0.02,1e-12,False,relative_key,True,0.14167000000000002,2602.3209757583522,368.6708126356857,7.864159008789063,2021-04-09 08:46:45.291252
23,17556,32,3,13,521,gelu_new,0.242992707,0.724245803,512,1,0.02,1e-12,False,relative_key_query,True,0.344472,2095.269146362256,721.761553385699,7.647437294921875,2021-04-09 09:44:12.031577
24,6255,47,2,5,732,gelu,0.171968887,0.152876283,512,1,0.02,1e-12,False,relative_key_query,True,0.168741,721.2866744874729,121.71063473969065,6.581036665039062,2021-04-09 10:09:41.996295
25,12221,65,3,6,868,silu,0.159336959,0.473769061,512,1,0.02,1e-12,False,relative_key_query,True,0.360205,2132.4069424156437,768.1036426928272,7.665006640625,2021-04-09 11:09:23.058464
26,21346,14,3,4,1415,silu,0.12235393300000001,0.165544506,512,1,0.02,1e-12,False,relative_key_query,True,0.133847,1201.7162947455552,160.8461209028083,7.091506059570312,2021-04-09 11:34:32.902079
27,23275,25,4,6,364,relu,0.372619126,0.556156094,512,1,0.02,1e-12,False,relative_key_query,True,0.23143000000000002,932.4626496113381,215.79983099955197,6.837829096679688,2021-04-09 12:16:21.979721
28,30475,30,12,15,1503,silu,0.648777532,0.532251976,512,1,0.02,1e-12,False,relative_key_query,True,0.9569040000000001,2527.680587647459,2418.747665042204,7.835057397460938,2021-04-09 14:51:32.724670
29,17091,58,2,5,730,gelu,0.140380156,0.288205092,512,1,0.02,1e-12,False,relative_key_query,True,0.197088,704.5946588984027,138.8671521329684,6.557622685546875,2021-04-09 15:20:56.068635
30,4528,81,1,16,366,gelu,0.505744333,0.271916557,512,1,0.02,1e-12,False,relative_key_query,True,0.47248900000000005,1991.6246685256922,941.0207480070356,7.596706000976562,2021-04-09 16:22:25.170978
31,5198,60,2,6,318,gelu,0.151181192,0.341737568,512,1,0.02,1e-12,False,relative_key_query,True,0.21674899999999997,969.551045826394,210.14921963182502,6.876833125,2021-04-09 16:54:06.881955
32,9374,37,5,8,1780,gelu_new,0.19623863600000002,0.14840302800000002,512,1,0.02,1e-12,False,absolute,True,0.269374,2289.164197755806,616.6413166062725,7.73594205078125,2021-04-09 17:38:03.116300
33,16891,37,5,6,287,silu,0.772798058,0.517508406,512,1,0.02,1e-12,False,relative_key_query,True,0.371187,2471.456844383454,917.3726516961611,7.812563071289063,2021-04-09 18:48:52.846922
34,29914,60,5,17,260,gelu,0.582616818,0.416815448,512,1,0.02,1e-12,False,relative_key_query,True,0.729791,2519.528907797825,1838.7295211506828,7.831827221679688,2021-04-09 20:30:38.445310
35,27939,24,4,14,2892,relu,0.41277008,0.184726572,512,1,0.02,1e-12,False,relative_key_query,True,0.402753,2259.410690297275,909.9844337492984,7.722859301757812,2021-04-09 21:39:02.020835
36,19453,21,4,5,1104,silu,0.259744572,0.6730936740000001,512,1,0.02,1e-12,False,relative_key,True,0.17009000000000002,1083.3033957293949,184.25907457961281,6.9877703515625,2021-04-09 22:10:13.536478
37,16697,32,5,1,170,relu,0.23667569800000002,0.583703565,512,1,0.02,1e-12,False,absolute,True,0.130045,2098.4532007744783,272.89334649471704,7.64895578125,2021-04-09 22:39:50.939596
38,27547,22,1,12,576,gelu,0.660818606,0.145884037,512,1,0.02,1e-12,False,absolute,True,0.133412,1855.2829644352807,247.5170108512397,7.525792504882813,2021-04-09 22:59:11.579315
39,30505,17,1,7,373,silu,0.378787593,0.21603467199999998,512,1,0.02,1e-12,False,relative_key_query,True,0.09784,1187.9168882454162,116.2257883459315,7.079956538085938,2021-04-09 23:15:01.227855
40,29363,9,2,18,92,relu,0.5354460320000001,0.954221269,512,1,0.02,1e-12,False,relative_key_query,True,0.17066099999999998,1086.7710880940554,185.46944066521962,6.990966274414062,2021-04-08 11:28:10.301332
41,25696,85,1,4,468,silu,0.180710028,0.191894896,512,1,0.02,1e-12,False,relative_key_query,True,0.173045,1650.7406270351055,285.6524118052899,7.408979331054687,2021-04-08 11:51:51.361623
42,8346,64,3,4,1033,gelu,0.518839512,0.638147722,512,1,0.02,1e-12,False,relative_key,True,0.190227,1808.943605578256,344.10991525833487,7.500498310546875,2021-04-08 12:21:17.114896
43,26964,80,6,2,795,silu,0.680243597,0.502786169,512,1,0.02,1e-12,False,relative_key_query,True,0.446887,2522.744920327495,1127.3819092103931,7.833102841796875,2021-04-08 13:45:55.716119
44,21251,7,8,3,441,gelu,0.200352273,0.698441722,512,1,0.02,1e-12,False,absolute,True,0.210142,2401.8856715009306,504.73705878054847,7.784009404296875,2021-04-08 14:34:20.276527
45,6983,37,5,8,211,gelu_new,0.910528883,0.401907367,512,1,0.02,1e-12,False,absolute,True,0.23378800000000002,2602.438743612529,608.4189489916859,7.864204262695313,2021-04-08 15:11:15.738956
46,19866,58,4,4,571,gelu,0.19799931899999998,0.29622698199999997,512,1,0.02,1e-12,False,relative_key_query,True,0.359103,744.1593451923891,267.22985333662245,6.612255185546875,2021-04-08 16:14:45.747349
47,25358,99,4,17,1622,relu,0.387598636,0.187241524,512,1,0.02,1e-12,False,relative_key_query,True,1.211402,2508.439064820345,3038.7281000014955,7.827415952148438,2021-04-08 18:43:00.302297
48,21968,13,1,14,240,silu,0.112817534,0.130325327,512,1,0.02,1e-12,False,absolute,True,0.108622,1381.4789770377422,150.05900944379363,7.230909926757812,2021-04-08 18:59:30.736870
49,28071,23,4,17,2380,relu,0.397096923,0.278319612,512,1,0.02,1e-12,False,relative_key_query,True,0.41787399999999997,2210.255909549923,923.6084779472645,7.700863583984375,2021-04-08 20:03:54.986521
50,12168,67,2,2,576,gelu,0.21344257600000002,0.322383982,512,1,0.02,1e-12,False,relative_key_query,True,0.144199,810.8232644917003,116.9199039164387,6.698050107421875,2021-04-08 20:27:03.813354
51,14966,73,7,12,1765,gelu_new,0.339727929,0.400187339,512,1,0.02,1e-12,False,relative_key,True,0.8596440000000001,2506.9209389030834,2155.0595436024028,7.826810561523438,2021-04-08 22:27:22.207636
52,21738,17,1,14,1860,silu,0.265633655,0.426066094,512,1,0.02,1e-12,False,absolute,True,0.129692,1515.0945940284314,196.49564808873532,7.323233154296875,2021-04-08 22:45:26.031347
53,26671,32,1,11,404,gelu,0.35928626799999996,0.14240905199999998,512,1,0.02,1e-12,False,relative_key_query,True,0.169729,1445.3192321454885,245.3125879528216,7.276085498046875,2021-04-08 23:07:51.638623
54,29462,67,11,11,355,silu,0.42935749700000003,0.272100071,512,1,0.02,1e-12,False,absolute,True,0.780062,2513.221017651878,1960.4682134715592,7.829320483398438,2021-04-09 01:01:45.928454
55,29437,9,2,18,1,relu,0.53469309,0.202741063,512,1,0.02,1e-12,False,relative_key_query,True,0.16786800000000002,1140.1579116435582,191.3960283117808,7.03892205078125,2021-04-09 01:27:48.745053
56,1464,59,9,10,1632,relu,0.640613016,0.830735647,512,1,0.02,1e-12,False,relative_key,True,0.765339,2518.676939325002,1927.6416900660574,7.831489018554688,2021-04-09 03:23:50.755386
57,23458,7,9,10,378,silu,0.28447932600000003,0.24602511600000002,512,1,0.02,1e-12,False,relative_key_query,True,0.524845,1453.005939013462,762.6029020615206,7.281389750976563,2021-04-09 05:10:05.797523
58,11271,59,2,5,700,gelu,0.334579449,0.28955201399999997,512,1,0.02,1e-12,False,relative_key_query,True,0.196401,902.8645031129038,177.32349127587742,6.805572490234375,2021-04-09 05:38:32.988966
59,13130,76,1,4,7,relu,0.226234375,0.32145489899999996,512,1,0.02,1e-12,False,relative_key_query,True,0.15246300000000002,1014.2346527142787,154.6332578567771,6.9218895703125,2021-04-09 06:00:32.881177
60,11528,4,11,8,521,relu,0.40749110899999996,0.820559202,512,1,0.02,1e-12,False,relative_key,True,0.460053,2374.979586072127,1092.6164835112402,7.77274412109375,2021-04-09 07:42:17.597795
61,30159,19,12,1,418,silu,0.363763447,0.20943198899999999,512,1,0.02,1e-12,False,relative_key_query,True,0.5106430000000001,2584.270179246997,1319.6394771412242,7.85719841796875,2021-04-09 09:43:00.805986
62,19936,44,4,4,1152,gelu,0.100539059,0.294839074,512,1,0.02,1e-12,False,relative_key_query,True,0.28978899999999996,684.271073573427,198.29423013976987,6.528354145507812,2021-04-09 10:36:41.896157
63,17829,46,3,8,916,silu,0.312753848,0.378138071,512,1,0.02,1e-12,False,relative_key,True,0.246901,2190.1100768756837,540.7403680906833,7.691707084960938,2021-04-09 11:15:26.352664
64,6215,92,7,9,1571,gelu_new,0.7879604240000001,0.45565668600000003,512,1,0.02,1e-12,False,absolute,True,0.712183,2540.708372667445,1809.4493109714188,7.840198208007813,2021-04-09 12:59:25.323872
65,18938,20,5,1,932,gelu,0.699693672,0.7349768109999999,512,1,0.02,1e-12,False,relative_key_query,True,0.191834,2842.0715280874024,545.2059495191188,7.9522884765625,2021-04-09 13:39:24.989947
66,20336,39,1,8,2488,silu,0.28358328899999996,0.56726554,512,1,0.02,1e-12,False,relative_key_query,True,0.165098,1416.360102726944,233.83822024001302,7.255845551757813,2021-04-09 14:02:30.832248
67,15637,18,4,6,1564,relu,0.143968671,0.22491133100000002,512,1,0.02,1e-12,False,relative_key_query,True,0.224809,1109.9094678323568,249.5176375539243,7.01203373046875,2021-04-09 14:41:57.084328
68,22968,2,2,9,1240,gelu_new,0.991994212,0.310650359,512,1,0.02,1e-12,False,relative_key,True,0.101597,2841.1716165132048,288.6545127228921,7.951971787109375,2021-04-09 15:01:11.877128
69,15862,13,3,12,2979,silu,0.47450249200000005,0.544491666,512,1,0.02,1e-12,False,relative_key_query,True,0.20986799999999997,1877.2854531625414,393.98214348431634,7.537582104492188,2021-04-09 15:34:18.719321
70,12972,47,7,7,45,silu,0.270526303,0.195472868,512,1,0.02,1e-12,False,relative_key_query,True,0.521405,828.4768962149692,431.97199607096604,6.7195889501953125,2021-04-09 17:05:36.172647
71,30310,3,1,16,855,relu,0.351575084,0.172734312,512,1,0.02,1e-12,False,relative_key_query,True,0.08841,1888.5340586592272,166.96529612606227,7.543556176757811,2021-04-09 17:20:37.068267
72,16937,30,2,3,2614,gelu_new,0.45037198700000003,0.110582952,512,1,0.02,1e-12,False,relative_key,True,0.123428,2042.2792811541517,252.0744471142946,7.6218217578125,2021-04-09 17:41:56.348749
73,25890,1,8,13,315,relu,0.466830291,0.160127783,512,1,0.02,1e-12,False,relative_key,True,0.34949600000000003,2838.2314025893547,991.9505222793692,7.950936391601562,2021-04-09 19:02:55.111985
74,17661,34,9,10,160,gelu_new,0.315920967,0.433972459,512,1,0.02,1e-12,False,absolute,True,0.42872,2196.8842290419034,941.8482066748448,7.694795375976563,2021-04-09 20:21:41.124595
75,28612,34,3,13,285,gelu,0.22056774,0.221833347,512,1,0.02,1e-12,False,relative_key_query,True,0.352594,2079.0038722089066,733.0442913176273,7.639644150390625,2021-04-09 21:17:36.005225
76,10794,70,5,5,1790,silu,0.604204301,0.8951895009999999,512,1,0.02,1e-12,False,relative_key_query,True,0.474943,2472.307447023187,1174.2051158115332,7.812907182617187,2021-04-09 22:37:23.008467
77,12430,48,2,7,112,relu,0.558846659,0.127579775,512,1,0.02,1e-12,False,relative_key_query,True,0.208411,1031.1435932271083,214.90166740805492,6.93842375,2021-04-09 23:06:46.877440
78,23692,1,2,9,1264,relu,0.8801035209999999,0.30909917600000003,512,1,0.02,1e-12,False,relative_key,True,0.113936,2981.908260610789,339.7466995809508,8.00031873046875,2021-04-09 23:24:37.162921
79,16960,32,5,7,1099,relu,0.229187797,0.5805990129999999,512,1,0.02,1e-12,False,absolute,True,0.18870599999999998,1637.522650540176,309.0103492928345,7.400939799804687,2021-04-08 11:36:22.579556
80,23956,51,3,1,945,relu,0.392555074,0.510007077,512,1,0.02,1e-12,False,relative_key_query,True,0.13125499999999998,1734.6336605642155,227.6793411173561,7.4585515234375,2021-04-08 12:02:31.400394
81,23004,5,1,11,496,relu,0.331225406,0.466098344,512,1,0.02,1e-12,False,relative_key_query,True,0.077206,1581.8642274515955,122.12940954462788,7.366359321289062,2021-04-08 12:17:13.722584
82,9348,77,7,7,1321,gelu,0.193349264,0.11653345400000001,512,1,0.02,1e-12,False,relative_key_query,True,0.6537109999999999,2350.5680119776466,1536.5921656779196,7.76241228515625,2021-04-08 14:04:10.896747
83,20743,50,12,15,657,gelu,0.479930039,0.37829724,512,1,0.02,1e-12,False,relative_key_query,True,1.030938,2510.6876481417903,2588.363302600001,7.828311958007813,2021-04-08 16:37:59.974637
84,15327,55,2,3,813,gelu,0.205833225,0.198801929,512,1,0.02,1e-12,False,relative_key_query,True,0.146795,759.4294901029799,111.48045199966694,6.63256748046875,2021-04-08 17:02:50.849863
85,24010,14,3,14,1972,relu,0.492206627,0.60384757,512,1,0.02,1e-12,False,relative_key_query,True,0.256736,1810.660434192778,464.8617172329171,7.501446938476563,2021-04-08 17:52:12.019153
86,19767,53,1,7,650,gelu,0.244057505,0.177976799,512,1,0.02,1e-12,False,relative_key_query,True,0.163889,1606.1279205243093,263.22669876680857,7.38158154296875,2021-04-08 18:16:21.184703
87,10429,43,5,8,1432,silu,0.15361746199999998,0.8871931679999999,512,1,0.02,1e-12,False,relative_key_query,True,0.375362,2308.820586443674,866.6435129686702,7.7444921044921875,2021-04-08 19:21:06.783018
88,22016,17,1,14,236,silu,0.110783534,0.130056256,512,1,0.02,1e-12,False,absolute,True,0.112435,1380.6898639945841,155.23786485823106,7.2303385546875,2021-04-08 19:38:49.970640
89,8144,71,3,2,440,gelu,0.287993269,0.38731403700000006,512,1,0.02,1e-12,False,relative_key_query,True,0.201032,853.6590456647384,171.61278526807368,6.749531870117187,2021-04-08 20:17:05.283905
90,20580,42,11,5,2169,gelu,0.25192192199999996,0.356237404,512,1,0.02,1e-12,False,relative_key,True,0.569908,2490.778620683924,1419.5146621567335,7.820350639648438,2021-04-08 22:13:51.088755
91,19331,20,2,10,135,relu,0.449434516,0.30438963199999997,512,1,0.02,1e-12,False,relative_key_query,True,0.151623,986.8375242778695,149.62726594358344,6.89450541015625,2021-04-08 22:38:45.355847
92,18745,15,3,7,494,gelu_new,0.184324497,0.263095026,512,1,0.02,1e-12,False,relative_key_query,True,0.152898,818.2121461835104,125.10300072716636,6.707121650390625,2021-04-08 23:06:36.991133
93,27023,40,1,13,665,silu,0.544054446,0.101537507,512,1,0.02,1e-12,False,relative_key_query,True,0.218536,1723.2542450428891,376.5930896946928,7.45196978515625,2021-04-08 23:38:44.814616
94,26467,36,3,4,2335,silu,0.360908516,0.26170329999999997,512,1,0.02,1e-12,False,relative_key_query,True,0.167924,1545.71244863177,259.5622172240413,7.34324021484375,2021-04-09 00:07:26.871459
95,28853,9,6,2,774,silu,0.824391233,0.48982816100000004,512,1,0.02,1e-12,False,relative_key_query,True,0.226028,2829.412287686941,639.5264005613041,7.947824296875,2021-04-09 01:02:23.765756
96,21867,7,9,10,87,silu,0.274801255,0.282958463,512,1,0.02,1e-12,False,relative_key_query,True,0.354591,1187.233388903156,420.982274604559,7.07938099609375,2021-04-09 02:15:41.222665
97,24062,28,1,9,691,silu,0.17764447600000002,0.18159508600000002,512,1,0.02,1e-12,False,relative_key_query,True,0.124526,846.4473546187003,105.40470328124826,6.7410480078125,2021-04-09 02:35:21.557744
98,29706,26,2,12,1157,relu,0.596079433,0.203503354,512,1,0.02,1e-12,False,relative_key_query,True,0.19232,1720.5823799099744,330.9024033042863,7.45041810546875,2021-04-09 03:05:32.502581
99,16084,61,1,3,1041,gelu,0.264598216,0.218123648,512,1,0.02,1e-12,False,relative_key_query,True,0.110528,979.79477811491,108.29475723548477,6.887343139648437,2021-04-09 03:23:45.546158
100,7699,11,3,2,1480,silu,0.5744514270000001,0.4422889,512,1,0.02,1e-12,False,relative_key_query,True,0.112795,2750.0165719246415,310.18811923024003,7.919362216796875,2021-04-09 03:48:17.371587
101,25454,16,10,14,1417,gelu_new,0.12668259,0.54248873,512,1,0.02,1e-12,False,relative_key_query,True,0.606668,2370.5033087055,1438.1085012857484,7.770857578125,2021-04-09 05:45:07.210974
102,22371,55,4,1,794,relu,0.134338682,0.13815111800000002,512,1,0.02,1e-12,False,relative_key_query,True,0.211127,1429.1115860907892,301.72404183659006,7.26480826171875,2021-04-09 06:32:13.727277
103,22083,2,1,8,618,silu,0.721644664,0.10021536,512,1,0.02,1e-12,False,relative_key_query,True,0.068311,2813.391136124271,192.18556189978503,7.942145844726562,2021-04-09 06:45:58.874839
104,344,90,4,5,1951,relu,0.631703531,0.94687449,512,1,0.02,1e-12,False,absolute,True,0.34470300000000004,2462.213534609601,848.7323920205334,7.80881603515625,2021-04-09 07:48:23.125370
105,1107,7,6,16,4,gelu_new,0.7137751520000001,0.34077144200000004,512,1,0.02,1e-12,False,relative_key_query,True,0.374487,1878.4306439521204,703.4478565616977,7.538191943359375,2021-04-09 09:06:11.315516
106,18433,54,2,3,922,gelu,0.157731455,0.354798596,512,1,0.02,1e-12,False,relative_key_query,True,0.14435,811.463671732097,117.13478101452822,6.698839619140625,2021-04-09 09:30:39.581824
107,24817,29,2,10,731,relu,0.518378315,0.261301496,512,1,0.02,1e-12,False,relative_key_query,True,0.181783,1001.8282016679456,182.11533598380416,6.909581811523437,2021-04-09 09:59:02.086929
108,23546,29,1,7,1217,silu,0.37518479,0.202724309,512,1,0.02,1e-12,False,relative_key_query,True,0.104656,1123.62819512549,117.59443238905328,7.024318188476562,2021-04-09 10:17:57.162217
109,28375,62,2,14,114,gelu,0.35451544700000004,0.317284077,512,1,0.02,1e-12,False,relative_key,True,0.364218,2110.14637827991,768.5532936043522,7.65451259765625,2021-04-09 11:14:58.244841
110,19251,21,2,17,127,relu,0.277595207,0.307031661,512,1,0.02,1e-12,False,relative_key_query,True,0.218043,803.9674742731971,175.2994799929507,6.689558813476562,2021-04-09 11:50:26.262724
111,27662,27,1,15,210,gelu,0.245624512,0.21374197600000003,512,1,0.02,1e-12,False,relative_key_query,True,0.17463199999999998,1504.0643640319809,262.6577680196329,7.315926298828125,2021-04-09 12:15:35.597680
112,3428,57,2,15,9,gelu,0.42189199200000005,0.254540516,512,1,0.02,1e-12,False,relative_key,True,0.369103,2108.4832845555034,778.24750577929,7.653724145507812,2021-04-09 13:14:05.424649
113,1811,98,1,18,1332,gelu,0.445939905,0.241304278,512,1,0.02,1e-12,False,relative_key,True,0.7124050000000001,2168.466305087999,1544.8262380762158,7.681775424804687,2021-04-09 14:32:51.591878
114,28912,34,3,13,1006,gelu,0.22680967,0.22497253899999997,512,1,0.02,1e-12,False,relative_key_query,True,0.459604,2123.5469652318397,975.9906794084143,7.66084306640625,2021-04-09 15:34:48.552424
115,27351,2,3,12,875,silu,0.322571829,0.10048926300000001,512,1,0.02,1e-12,False,relative_key,True,0.171034,2343.4194962544602,400.80441012238526,7.75936646484375,2021-04-09 16:01:26.815481
116,27021,5,3,15,2553,relu,0.619795432,0.7590385070000001,512,1,0.02,1e-12,False,relative_key_query,True,0.225242,2415.860566206909,544.1532656535767,7.789810844726563,2021-04-09 16:33:31.651658
117,11561,49,6,16,60,gelu,0.325618181,0.11178540699999999,512,1,0.02,1e-12,False,relative_key_query,True,0.8637530000000001,2520.518829270563,2177.1057003389365,7.832220043945313,2021-04-09 18:23:24.248529
118,18592,39,2,7,1348,gelu,0.379006884,0.630673363,512,1,0.02,1e-12,False,relative_key_query,True,0.238402,933.8224905176268,222.62514938438332,6.8392863671875,2021-04-09 20:56:11.865685
119,2653,44,1,4,919,gelu,0.320409034,0.337783839,512,1,0.02,1e-12,False,relative_key_query,True,0.142709,1196.646873400706,170.77227865614137,7.08727865234375,2021-04-09 21:14:44.768872
120,30334,4,1,16,408,relu,0.35362186100000004,0.199900222,512,1,0.02,1e-12,False,relative_key_query,True,0.114568,1458.5907670294935,167.10782699703503,7.285226020507812,2021-04-09 21:31:11.663467
121,14665,74,7,10,2081,gelu_new,0.340895921,0.417201827,512,1,0.02,1e-12,False,relative_key,True,0.9143610000000001,2472.292803956526,2260.568120518493,7.812901259765625,2021-04-09 23:27:40.241026
122,26465,10,3,7,536,gelu_new,0.235153699,0.70231397,512,1,0.02,1e-12,False,relative_key_query,True,0.178874,1151.7043851836372,206.00997019533798,7.048998198242187,2021-04-09 23:54:50.371822
123,20557,69,3,13,866,gelu,0.262743011,0.981660787,512,1,0.02,1e-12,False,absolute,True,0.508434,2426.378528996661,1233.6533410118884,7.794155107421875,2021-04-10 01:03:26.320518
124,27677,31,1,12,570,gelu,0.509836373,0.47874126200000006,512,1,0.02,1e-12,False,absolute,True,0.169441,1613.5337345285434,273.3987695122509,7.386181918945312,2021-04-10 01:25:14.877730
125,21317,45,2,5,1648,gelu,0.258993868,0.33783858200000005,512,1,0.02,1e-12,False,relative_key_query,True,0.19309,941.2793089840538,181.75162177173092,6.847239916992187,2021-04-10 01:51:45.126732
126,25792,53,3,17,173,gelu,0.487574921,0.436302864,512,1,0.02,1e-12,False,relative_key_query,True,0.55306,2457.926311299144,1359.3807257271044,7.807073310546875,2021-04-10 03:07:05.253978
127,18021,87,1,6,1124,gelu,0.152024438,0.359252876,512,1,0.02,1e-12,False,relative_key_query,True,0.29389899999999997,1598.6559132671312,469.84337425329653,7.376918500976562,2021-04-10 03:48:32.624163
128,9813,63,6,6,14,silu,0.603121031,0.367289029,512,1,0.02,1e-12,False,relative_key_query,True,0.562265,1087.457950168042,611.4395443512343,6.991598095703125,2021-04-10 05:19:05.294072
129,22760,48,3,1,800,gelu_new,0.129409427,0.527121045,512,1,0.02,1e-12,False,relative_key_query,True,0.158046,1362.2874078103728,215.30407565479817,7.216920483398438,2021-04-10 05:45:42.120396
130,25127,28,2,17,2061,relu,0.560587365,0.312820999,512,1,0.02,1e-12,False,relative_key_query,True,0.353106,1703.4854391440397,601.5109294743952,7.440431689453125,2021-04-10 06:37:47.777938
131,18441,52,2,3,922,gelu,0.406975527,0.364800977,512,1,0.02,1e-12,False,relative_key_query,True,0.15873199999999998,1043.4574976496249,165.63009551692028,6.950294995117187,2021-04-10 07:01:21.612024
132,19917,36,1,16,609,gelu,0.458276212,0.24104412,512,1,0.02,1e-12,False,relative_key_query,True,0.279646,1610.2130325481974,450.28963369997314,7.384121767578125,2021-04-10 07:40:56.295510
133,6848,37,4,12,3038,gelu_new,0.162386735,0.227951564,512,1,0.02,1e-12,False,relative_key,True,0.5067,2406.5467503051955,1219.3972383796429,7.785948115234375,2021-04-10 08:56:43.170614
134,22593,30,2,9,1278,relu,0.97516875,0.125614381,512,1,0.02,1e-12,False,relative_key,True,0.188144,2701.462136624541,508.2638922330877,7.9015484375,2021-04-10 09:23:28.833595
135,3662,23,1,14,862,gelu,0.506817603,0.351162064,512,1,0.02,1e-12,False,relative_key,True,0.161944,1656.0022349806866,268.1796259417123,7.412161684570313,2021-04-10 09:45:30.508158
136,23510,27,2,9,1179,gelu,0.175542388,0.130649128,512,1,0.02,1e-12,False,relative_key_query,True,0.196274,715.4839312156274,140.43089311541607,6.572959140625,2021-04-10 10:12:19.707784
137,26207,12,8,15,502,gelu,0.389978535,0.35279731,512,1,0.02,1e-12,False,relative_key_query,True,0.666288,1248.9972502897735,832.1918799010726,7.13009630859375,2021-04-10 12:02:12.114515
138,30499,25,3,6,623,gelu,0.438127125,0.7788631090000001,512,1,0.02,1e-12,False,absolute,True,0.157563,1700.7849041884238,267.98077185864065,7.438845131835937,2021-04-10 12:26:41.183387
139,13561,24,1,1,342,silu,0.297983695,0.38783038,512,1,0.02,1e-12,False,relative_key_query,True,0.087623,2364.8962906766865,207.2193076779633,7.768489448242187,2021-04-10 12:41:13.670295
140,10248,69,5,8,1284,gelu_new,0.196629445,0.113394839,512,1,0.02,1e-12,False,absolute,True,0.5359189999999999,2353.964612731325,1261.5343612903591,7.763856254882812,2021-04-10 14:00:38.155871
141,27197,3,10,15,166,silu,0.355907586,0.8282867340000001,512,1,0.02,1e-12,False,relative_key_query,True,0.720287,1811.9166883470505,1305.1000356994318,7.5021405078125,2021-04-10 16:06:10.733938
142,21145,14,3,4,1079,silu,0.101586594,0.514779339,512,1,0.02,1e-12,False,relative_key_query,True,0.161334,994.6262622630284,160.46703339594342,6.90236705078125,2021-04-10 16:32:42.142893
143,24442,5,7,13,1210,gelu,0.165202876,0.28230315699999997,512,1,0.02,1e-12,False,relative_key_query,True,0.541027,1865.4940736127148,1009.2826621644664,7.531281215820313,2021-04-10 18:05:18.083874
144,26913,48,1,7,269,silu,0.32983734600000003,0.157877579,512,1,0.02,1e-12,False,relative_key_query,True,0.173545,1641.856007447634,284.9359008124996,7.403582592773437,2021-04-10 18:28:51.213638
145,16400,72,6,5,967,gelu,0.771927203,0.37205152,512,1,0.02,1e-12,False,relative_key,True,0.547705,2513.486417004613,1376.6490780255122,7.829426079101562,2021-04-10 19:56:41.705978
146,14176,54,4,2,1016,silu,0.10853317300000001,0.504482297,512,1,0.02,1e-12,False,relative_key_query,True,0.364097,799.8496866762366,291.22287136975774,6.684423818359375,2021-04-10 20:59:54.995765
147,28040,42,1,8,522,silu,0.21728662,0.397885925,512,1,0.02,1e-12,False,relative_key_query,True,0.18235,1502.8631273958108,274.0470912806261,7.315127319335938,2021-04-10 21:24:10.449905
148,30362,75,1,16,429,relu,0.34877713,0.29582260899999996,512,1,0.02,1e-12,False,relative_key_query,True,0.478541,1922.423641819835,919.9585319801056,7.561341982421875,2021-04-10 22:23:31.491782
149,15913,41,9,13,1084,gelu_new,0.317675883,0.9814854479999999,512,1,0.02,1e-12,False,relative_key_query,True,0.9589719999999999,2396.3467495535024,2298.029435112821,7.781700668945312,2021-04-11 00:43:34.946961
150,14370,19,5,8,1065,gelu_new,0.291440887,0.327187809,512,1,0.02,1e-12,False,absolute,True,0.21715500000000001,1680.5361185062839,364.9368208142321,7.426868139648437,2021-04-11 01:17:24.477527
151,25094,16,10,17,2548,relu,0.44230335600000004,0.6696191029999999,512,1,0.02,1e-12,False,relative_key_query,True,0.8624780000000001,2486.5040278649244,2144.5550209448847,7.818632998046875,2021-04-11 03:32:23.809158
152,26451,21,2,11,524,silu,0.37687829899999997,0.240249391,512,1,0.02,1e-12,False,absolute,True,0.158628,1545.7048257522608,245.19206509942958,7.343235283203125,2021-04-11 03:55:10.224891
153,22077,17,1,14,442,silu,0.11514860800000001,0.13098168300000002,512,1,0.02,1e-12,False,absolute,True,0.133401,1389.8697102327176,185.41000921475475,7.236965288085938,2021-04-11 04:13:25.449628
